{
  "project_info": {
    "project_number": "575234686254",
    "firebase_url": "https://xlent-learn-default-rtdb.asia-southeast1.firebasedatabase.app",
    "project_id": "xlent-learn",
    "storage_bucket": "xlent-learn.appspot.com"
  },
  "client": [
    {
      "client_info": {
        "mobilesdk_app_id": "1:575234686254:android:77ee727500e6b2fee04ebf",
        "android_client_info": {
          "package_name": "com.xlentdevs.xlentlearn"
        }
      },
      "oauth_client": [
        {
          "client_id": "575234686254-pt3mnq19daqqurcm5ebm2rrg89llaakl.apps.googleusercontent.com",
          "client_type": 1,
          "android_info": {
            "package_name": "com.xlentdevs.xlentlearn",
            "certificate_hash": "7f061b86958d1eb6004f448ae26e933739085cbf"
          }
        },
        {
          "client_id": "575234686254-b54q3ojgk2nj874veuljfiajaee8d3uk.apps.googleusercontent.com",
          "client_type": 3
        }
      ],
      "api_key": [
        {
          "current_key": "AIzaSyAy_KOpXNi7tKrddJo04p9hSBhH4BjKkRo"
        }
      ],
      "services": {
        "appinvite_service": {
          "other_platform_oauth_client": [
            {
              "client_id": "575234686254-b54q3ojgk2nj874veuljfiajaee8d3uk.apps.googleusercontent.com",
              "client_type": 3
            }
          ]
        }
      }
    }
  ],
  "configuration_version": "1"
}